cutoff,edges,avg_out_degree,max_out_degree,avg_shortest_path,max_shortest_path
0,523.3882352941176,1.9895716905593872,2.0,87.56296785624474,261.6941176470588
6,1176.0647058823529,4.408849716186523,9.012941360473633,10.177212709356999,31.397058823529413
8,2505.0917647058823,9.355152130126953,17.42764663696289,7.1572373302356205,22.07764705882353
10,4294.611764705883,15.835489273071289,29.70705795288086,5.901990971117891,18.429411764705883
12,6990.975294117647,25.580392837524414,47.85588073730469,5.026895440718515,15.85
14,11878.849411764706,42.84750747680664,80.60470581054688,4.3396728354001635,13.869411764705882
